# system info q_sys_tb on 2011.04.28.17:24:39
system_info:
name,value
DEVICE,
DEVICE_FAMILY,Stratix IV
GENERATION_ID,1304036373
#
#
# Files generated for q_sys_tb on 2011.04.28.17:24:39
files:
filepath,kind,attributes,module,is_top
q_sys/testbench/q_sys_tb/simulation/q_sys_tb.v,VERILOG,,q_sys_tb,true
q_sys/testbench/q_sys_tb/simulation/submodules/q_sys_tb_q_sys_inst.v,VERILOG,,q_sys_tb_q_sys_inst,false
q_sys/testbench/q_sys_tb/simulation/submodules/verbosity_pkg.sv,SYSTEM_VERILOG,,altera_avalon_clock_source,false
q_sys/testbench/q_sys_tb/simulation/submodules/altera_avalon_clock_source.sv,SYSTEM_VERILOG,,altera_avalon_clock_source,false
q_sys/testbench/q_sys_tb/simulation/submodules/verbosity_pkg.sv,SYSTEM_VERILOG,,altera_avalon_reset_source,false
q_sys/testbench/q_sys_tb/simulation/submodules/altera_avalon_reset_source.sv,SYSTEM_VERILOG,,altera_avalon_reset_source,false
q_sys/testbench/q_sys_tb/simulation/submodules/verbosity_pkg.sv,SYSTEM_VERILOG,,q_sys_tb_q_sys_inst_pcie_hard_ip_0_reconfig_busy_bfm,false
q_sys/testbench/q_sys_tb/simulation/submodules/q_sys_tb_q_sys_inst_pcie_hard_ip_0_reconfig_busy_bfm.sv,SYSTEM_VERILOG,,q_sys_tb_q_sys_inst_pcie_hard_ip_0_reconfig_busy_bfm,false
q_sys/testbench/q_sys_tb/simulation/submodules/verbosity_pkg.sv,SYSTEM_VERILOG,,q_sys_tb_q_sys_inst_pcie_hard_ip_0_reconfig_fromgxb_0_bfm,false
q_sys/testbench/q_sys_tb/simulation/submodules/q_sys_tb_q_sys_inst_pcie_hard_ip_0_reconfig_fromgxb_0_bfm.sv,SYSTEM_VERILOG,,q_sys_tb_q_sys_inst_pcie_hard_ip_0_reconfig_fromgxb_0_bfm,false
q_sys/testbench/q_sys_tb/simulation/submodules/verbosity_pkg.sv,SYSTEM_VERILOG,,q_sys_tb_q_sys_inst_pcie_hard_ip_0_reconfig_togxb_bfm,false
q_sys/testbench/q_sys_tb/simulation/submodules/q_sys_tb_q_sys_inst_pcie_hard_ip_0_reconfig_togxb_bfm.sv,SYSTEM_VERILOG,,q_sys_tb_q_sys_inst_pcie_hard_ip_0_reconfig_togxb_bfm,false
q_sys/testbench/q_sys_tb/simulation/submodules/verbosity_pkg.sv,SYSTEM_VERILOG,,q_sys_tb_q_sys_inst_ddr3_bot_oct_bfm,false
q_sys/testbench/q_sys_tb/simulation/submodules/q_sys_tb_q_sys_inst_ddr3_bot_oct_bfm.sv,SYSTEM_VERILOG,,q_sys_tb_q_sys_inst_ddr3_bot_oct_bfm,false
q_sys/testbench/q_sys_tb/simulation/submodules/altera_pcie_bfm.v,VERILOG,,altera_pcie_bfm,false
q_sys/testbench/q_sys_tb/simulation/submodules/altera_pcie_bfm_components.v,VERILOG,,altera_pcie_bfm,false
q_sys/testbench/q_sys_tb/simulation/submodules/altpcietb_bfm_driver.v,VERILOG,,altera_pcie_bfm,false
q_sys/testbench/q_sys_tb/simulation/submodules/stratixiv_hssi_atoms.v,VERILOG,,altera_pcie_bfm,false
q_sys/testbench/q_sys_tb/simulation/submodules/stratixiv_pcie_hip_atoms.v,VERILOG,,altera_pcie_bfm,false
q_sys/testbench/q_sys_tb/simulation/submodules/cycloneiv_hssi_atoms.v,VERILOG,,altera_pcie_bfm,false
q_sys/testbench/q_sys_tb/simulation/submodules/cycloneiv_pcie_hip_atoms.v,VERILOG,,altera_pcie_bfm,false
q_sys/testbench/q_sys_tb/simulation/submodules/alt_mem_if_ddr3_mem_model_top_ddr3_mem_if_dm_pins_en_mem_if_dqsn_en.sv,SYSTEM_VERILOG,,alt_mem_if_ddr3_mem_model_top_ddr3_mem_if_dm_pins_en_mem_if_dqsn_en,false
q_sys/testbench/q_sys_tb/simulation/submodules/alt_mem_if_common_ddr_mem_model_ddr3_mem_if_dm_pins_en_mem_if_dqsn_en.sv,SYSTEM_VERILOG,,alt_mem_if_ddr3_mem_model_top_ddr3_mem_if_dm_pins_en_mem_if_dqsn_en,false
q_sys/testbench/q_sys_tb/simulation/submodules/q_sys_tb_q_sys_inst_onchip_memory2_0.hex,HEX,,q_sys_tb_q_sys_inst_onchip_memory2_0,false
q_sys/testbench/q_sys_tb/simulation/submodules/q_sys_tb_q_sys_inst_onchip_memory2_0.v,VERILOG,,q_sys_tb_q_sys_inst_onchip_memory2_0,false
q_sys/testbench/q_sys_tb/simulation/submodules/dispatcher.v,VERILOG,,dispatcher,false
q_sys/testbench/q_sys_tb/simulation/submodules/csr_block.v,VERILOG,,dispatcher,false
q_sys/testbench/q_sys_tb/simulation/submodules/descriptor_buffers.v,VERILOG,,dispatcher,false
q_sys/testbench/q_sys_tb/simulation/submodules/response_block.v,VERILOG,,dispatcher,false
q_sys/testbench/q_sys_tb/simulation/submodules/fifo_with_byteenables.v,VERILOG,,dispatcher,false
q_sys/testbench/q_sys_tb/simulation/submodules/read_signal_breakout.v,VERILOG,,dispatcher,false
q_sys/testbench/q_sys_tb/simulation/submodules/write_signal_breakout.v,VERILOG,,dispatcher,false
q_sys/testbench/q_sys_tb/simulation/submodules/read_master.v,VERILOG,,read_master,false
q_sys/testbench/q_sys_tb/simulation/submodules/MM_to_ST_Adapter.v,VERILOG,,read_master,false
q_sys/testbench/q_sys_tb/simulation/submodules/read_burst_control.v,VERILOG,,read_master,false
q_sys/testbench/q_sys_tb/simulation/submodules/write_master.v,VERILOG,,write_master,false
q_sys/testbench/q_sys_tb/simulation/submodules/byte_enable_generator.v,VERILOG,,write_master,false
q_sys/testbench/q_sys_tb/simulation/submodules/ST_to_MM_Adapter.v,VERILOG,,write_master,false
q_sys/testbench/q_sys_tb/simulation/submodules/write_burst_control.v,VERILOG,,write_master,false
q_sys/testbench/q_sys_tb/simulation/submodules/q_sys_tb_q_sys_inst_pcie_hard_ip_0.v,VERILOG,,q_sys_tb_q_sys_inst_pcie_hard_ip_0,false
q_sys/testbench/q_sys_tb/simulation/submodules/q_sys_tb_q_sys_inst_ddr3_bot.v,VERILOG,,q_sys_tb_q_sys_inst_ddr3_bot,false
q_sys/testbench/q_sys_tb/simulation/submodules/altera_merlin_master_translator.sv,SYSTEM_VERILOG,,altera_merlin_master_translator,false
q_sys/testbench/q_sys_tb/simulation/submodules/altera_merlin_slave_translator.sv,SYSTEM_VERILOG,,altera_merlin_slave_translator,false
q_sys/testbench/q_sys_tb/simulation/submodules/altera_merlin_master_agent.sv,SYSTEM_VERILOG,,altera_merlin_master_agent,false
q_sys/testbench/q_sys_tb/simulation/submodules/altera_merlin_slave_agent.sv,SYSTEM_VERILOG,,altera_merlin_slave_agent,false
q_sys/testbench/q_sys_tb/simulation/submodules/altera_merlin_burst_uncompressor.sv,SYSTEM_VERILOG,,altera_merlin_slave_agent,false
q_sys/testbench/q_sys_tb/simulation/submodules/altera_avalon_sc_fifo.v,VERILOG,,altera_avalon_sc_fifo,false
q_sys/testbench/q_sys_tb/simulation/submodules/q_sys_tb_q_sys_inst_addr_router.sv,SYSTEM_VERILOG,,q_sys_tb_q_sys_inst_addr_router,false
q_sys/testbench/q_sys_tb/simulation/submodules/q_sys_tb_q_sys_inst_addr_router_002.sv,SYSTEM_VERILOG,,q_sys_tb_q_sys_inst_addr_router_002,false
q_sys/testbench/q_sys_tb/simulation/submodules/q_sys_tb_q_sys_inst_id_router.sv,SYSTEM_VERILOG,,q_sys_tb_q_sys_inst_id_router,false
q_sys/testbench/q_sys_tb/simulation/submodules/q_sys_tb_q_sys_inst_id_router_001.sv,SYSTEM_VERILOG,,q_sys_tb_q_sys_inst_id_router_001,false
q_sys/testbench/q_sys_tb/simulation/submodules/q_sys_tb_q_sys_inst_addr_router_003.sv,SYSTEM_VERILOG,,q_sys_tb_q_sys_inst_addr_router_003,false
q_sys/testbench/q_sys_tb/simulation/submodules/q_sys_tb_q_sys_inst_id_router_003.sv,SYSTEM_VERILOG,,q_sys_tb_q_sys_inst_id_router_003,false
q_sys/testbench/q_sys_tb/simulation/submodules/q_sys_tb_q_sys_inst_id_router_005.sv,SYSTEM_VERILOG,,q_sys_tb_q_sys_inst_id_router_005,false
q_sys/testbench/q_sys_tb/simulation/submodules/altera_merlin_traffic_limiter.sv,SYSTEM_VERILOG,,altera_merlin_traffic_limiter,false
q_sys/testbench/q_sys_tb/simulation/submodules/altera_avalon_st_pipeline_base.v,VERILOG,,altera_merlin_traffic_limiter,false
q_sys/testbench/q_sys_tb/simulation/submodules/altera_merlin_burst_adapter.sv,SYSTEM_VERILOG,,altera_merlin_burst_adapter,false
q_sys/testbench/q_sys_tb/simulation/submodules/altera_reset_controller.v,VERILOG,,altera_reset_controller,false
q_sys/testbench/q_sys_tb/simulation/submodules/altera_reset_synchronizer.v,VERILOG,,altera_reset_controller,false
q_sys/testbench/q_sys_tb/simulation/submodules/q_sys_tb_q_sys_inst_cmd_xbar_demux.sv,SYSTEM_VERILOG,,q_sys_tb_q_sys_inst_cmd_xbar_demux,false
q_sys/testbench/q_sys_tb/simulation/submodules/q_sys_tb_q_sys_inst_cmd_xbar_demux_002.sv,SYSTEM_VERILOG,,q_sys_tb_q_sys_inst_cmd_xbar_demux_002,false
q_sys/testbench/q_sys_tb/simulation/submodules/altera_merlin_arbitrator.sv,SYSTEM_VERILOG,,q_sys_tb_q_sys_inst_cmd_xbar_mux,false
q_sys/testbench/q_sys_tb/simulation/submodules/q_sys_tb_q_sys_inst_cmd_xbar_mux.sv,SYSTEM_VERILOG,,q_sys_tb_q_sys_inst_cmd_xbar_mux,false
q_sys/testbench/q_sys_tb/simulation/submodules/altera_merlin_arbitrator.sv,SYSTEM_VERILOG,,q_sys_tb_q_sys_inst_cmd_xbar_mux_001,false
q_sys/testbench/q_sys_tb/simulation/submodules/q_sys_tb_q_sys_inst_cmd_xbar_mux_001.sv,SYSTEM_VERILOG,,q_sys_tb_q_sys_inst_cmd_xbar_mux_001,false
q_sys/testbench/q_sys_tb/simulation/submodules/altera_merlin_arbitrator.sv,SYSTEM_VERILOG,,q_sys_tb_q_sys_inst_rsp_xbar_mux,false
q_sys/testbench/q_sys_tb/simulation/submodules/q_sys_tb_q_sys_inst_rsp_xbar_mux.sv,SYSTEM_VERILOG,,q_sys_tb_q_sys_inst_rsp_xbar_mux,false
q_sys/testbench/q_sys_tb/simulation/submodules/altera_merlin_arbitrator.sv,SYSTEM_VERILOG,,q_sys_tb_q_sys_inst_rsp_xbar_mux_002,false
q_sys/testbench/q_sys_tb/simulation/submodules/q_sys_tb_q_sys_inst_rsp_xbar_mux_002.sv,SYSTEM_VERILOG,,q_sys_tb_q_sys_inst_rsp_xbar_mux_002,false
q_sys/testbench/q_sys_tb/simulation/submodules/q_sys_tb_q_sys_inst_cmd_xbar_demux_003.sv,SYSTEM_VERILOG,,q_sys_tb_q_sys_inst_cmd_xbar_demux_003,false
q_sys/testbench/q_sys_tb/simulation/submodules/q_sys_tb_q_sys_inst_rsp_xbar_demux_003.sv,SYSTEM_VERILOG,,q_sys_tb_q_sys_inst_rsp_xbar_demux_003,false
q_sys/testbench/q_sys_tb/simulation/submodules/altera_merlin_arbitrator.sv,SYSTEM_VERILOG,,q_sys_tb_q_sys_inst_rsp_xbar_mux_003,false
q_sys/testbench/q_sys_tb/simulation/submodules/q_sys_tb_q_sys_inst_rsp_xbar_mux_003.sv,SYSTEM_VERILOG,,q_sys_tb_q_sys_inst_rsp_xbar_mux_003,false
q_sys/testbench/q_sys_tb/simulation/submodules/altera_merlin_width_adapter.sv,SYSTEM_VERILOG,,altera_merlin_width_adapter,false
q_sys/testbench/q_sys_tb/simulation/submodules/altera_merlin_burst_uncompressor.sv,SYSTEM_VERILOG,,altera_merlin_width_adapter,false
q_sys/testbench/q_sys_tb/simulation/submodules/altera_avalon_dc_fifo.v,VERILOG,,altera_avalon_dc_fifo,false
q_sys/testbench/q_sys_tb/simulation/submodules/altera_dcfifo_synchronizer_bundle.v,VERILOG,,altera_avalon_dc_fifo,false
q_sys/testbench/q_sys_tb/simulation/submodules/altera_avalon_st_pipeline_stage.sv,SYSTEM_VERILOG,,altera_avalon_st_pipeline_stage,false
q_sys/testbench/q_sys_tb/simulation/submodules/altera_avalon_st_pipeline_base.v,VERILOG,,altera_avalon_st_pipeline_stage,false
q_sys/testbench/q_sys_tb/simulation/submodules/q_sys_tb_q_sys_inst_irq_mapper.sv,SYSTEM_VERILOG,,q_sys_tb_q_sys_inst_irq_mapper,false
q_sys/testbench/q_sys_tb/simulation/submodules/q_sys_tb_q_sys_inst_irq_synchronizer.vo,VERILOG,,q_sys_tb_q_sys_inst_irq_synchronizer,false
q_sys/testbench/q_sys_tb/simulation/submodules/q_sys_tb_q_sys_inst_pcie_hard_ip_0_pcie_internal_hip.vo,VERILOG,,q_sys_tb_q_sys_inst_pcie_hard_ip_0_pcie_internal_hip,false
q_sys/testbench/q_sys_tb/simulation/submodules/q_sys_tb_q_sys_inst_pcie_hard_ip_0_altgx_internal.vo,VERILOG,,q_sys_tb_q_sys_inst_pcie_hard_ip_0_altgx_internal,false
q_sys/testbench/q_sys_tb/simulation/submodules/altera_pcie_hard_ip_reset_controller.v,VERILOG,,altera_pcie_hard_ip_reset_controller,false
q_sys/testbench/q_sys_tb/simulation/submodules/altpcie_rs_serdes.v,VERILOG,,altera_pcie_hard_ip_reset_controller,false
q_sys/testbench/q_sys_tb/simulation/submodules/altpcie_pll_100_250.v,VERILOG,,altera_pcie_hard_ip_reset_controller,false
q_sys/testbench/q_sys_tb/simulation/submodules/altpcie_pll_125_250.v,VERILOG,,altera_pcie_hard_ip_reset_controller,false
q_sys/testbench/q_sys_tb/simulation/submodules/altpcie_pipe_interface.v,VERILOG,,altpcie_pipe_interface,false
q_sys/testbench/q_sys_tb/simulation/submodules/altera_avalon_mm_bridge.v,VERILOG,,altera_avalon_mm_bridge,false
q_sys/testbench/q_sys_tb/simulation/submodules/q_sys_tb_q_sys_inst_pcie_hard_ip_0_addr_router.sv,SYSTEM_VERILOG,,q_sys_tb_q_sys_inst_pcie_hard_ip_0_addr_router,false
q_sys/testbench/q_sys_tb/simulation/submodules/q_sys_tb_q_sys_inst_pcie_hard_ip_0_id_router.sv,SYSTEM_VERILOG,,q_sys_tb_q_sys_inst_pcie_hard_ip_0_id_router,false
q_sys/testbench/q_sys_tb/simulation/submodules/q_sys_tb_q_sys_inst_pcie_hard_ip_0_cmd_xbar_demux.sv,SYSTEM_VERILOG,,q_sys_tb_q_sys_inst_pcie_hard_ip_0_cmd_xbar_demux,false
q_sys/testbench/q_sys_tb/simulation/submodules/q_sys_tb_q_sys_inst_pcie_hard_ip_0_rsp_xbar_demux.sv,SYSTEM_VERILOG,,q_sys_tb_q_sys_inst_pcie_hard_ip_0_rsp_xbar_demux,false
q_sys/testbench/q_sys_tb/simulation/submodules/altera_merlin_arbitrator.sv,SYSTEM_VERILOG,,q_sys_tb_q_sys_inst_pcie_hard_ip_0_rsp_xbar_mux,false
q_sys/testbench/q_sys_tb/simulation/submodules/q_sys_tb_q_sys_inst_pcie_hard_ip_0_rsp_xbar_mux.sv,SYSTEM_VERILOG,,q_sys_tb_q_sys_inst_pcie_hard_ip_0_rsp_xbar_mux,false
q_sys/testbench/q_sys_tb/simulation/submodules/q_sys_tb_q_sys_inst_ddr3_bot_c0.v,VERILOG,,q_sys_tb_q_sys_inst_ddr3_bot_c0,false
q_sys/testbench/q_sys_tb/simulation/submodules/q_sys_tb_q_sys_inst_ddr3_bot_p0_clock_pair_generator.v,VERILOG,,q_sys_tb_q_sys_inst_ddr3_bot_p0,false
q_sys/testbench/q_sys_tb/simulation/submodules/q_sys_tb_q_sys_inst_ddr3_bot_p0_pll_memphy.v,VERILOG,,q_sys_tb_q_sys_inst_ddr3_bot_p0,false
q_sys/testbench/q_sys_tb/simulation/submodules/q_sys_tb_q_sys_inst_ddr3_bot_p0_dll_memphy.v,VERILOG,,q_sys_tb_q_sys_inst_ddr3_bot_p0,false
q_sys/testbench/q_sys_tb/simulation/submodules/q_sys_tb_q_sys_inst_ddr3_bot_p0_oct_control.v,VERILOG,,q_sys_tb_q_sys_inst_ddr3_bot_p0,false
q_sys/testbench/q_sys_tb/simulation/submodules/q_sys_tb_q_sys_inst_ddr3_bot_p0_controller_phy.sv,SYSTEM_VERILOG,,q_sys_tb_q_sys_inst_ddr3_bot_p0,false
q_sys/testbench/q_sys_tb/simulation/submodules/q_sys_tb_q_sys_inst_ddr3_bot_p0_memphy_top.sv,SYSTEM_VERILOG,,q_sys_tb_q_sys_inst_ddr3_bot_p0,false
q_sys/testbench/q_sys_tb/simulation/submodules/q_sys_tb_q_sys_inst_ddr3_bot_p0_read_valid_selector.v,VERILOG,,q_sys_tb_q_sys_inst_ddr3_bot_p0,false
q_sys/testbench/q_sys_tb/simulation/submodules/q_sys_tb_q_sys_inst_ddr3_bot_p0_addr_cmd_datapath.v,VERILOG,,q_sys_tb_q_sys_inst_ddr3_bot_p0,false
q_sys/testbench/q_sys_tb/simulation/submodules/q_sys_tb_q_sys_inst_ddr3_bot_p0_reset.v,VERILOG,,q_sys_tb_q_sys_inst_ddr3_bot_p0,false
q_sys/testbench/q_sys_tb/simulation/submodules/q_sys_tb_q_sys_inst_ddr3_bot_p0_addr_cmd_pads.v,VERILOG,,q_sys_tb_q_sys_inst_ddr3_bot_p0,false
q_sys/testbench/q_sys_tb/simulation/submodules/q_sys_tb_q_sys_inst_ddr3_bot_p0_memphy.v,VERILOG,,q_sys_tb_q_sys_inst_ddr3_bot_p0,false
q_sys/testbench/q_sys_tb/simulation/submodules/q_sys_tb_q_sys_inst_ddr3_bot_p0_reset_sync.v,VERILOG,,q_sys_tb_q_sys_inst_ddr3_bot_p0,false
q_sys/testbench/q_sys_tb/simulation/submodules/q_sys_tb_q_sys_inst_ddr3_bot_p0_afi_mux.v,VERILOG,,q_sys_tb_q_sys_inst_ddr3_bot_p0,false
q_sys/testbench/q_sys_tb/simulation/submodules/q_sys_tb_q_sys_inst_ddr3_bot_p0_new_io_pads.v,VERILOG,,q_sys_tb_q_sys_inst_ddr3_bot_p0,false
q_sys/testbench/q_sys_tb/simulation/submodules/q_sys_tb_q_sys_inst_ddr3_bot_p0_fr_cycle_shifter.v,VERILOG,,q_sys_tb_q_sys_inst_ddr3_bot_p0,false
q_sys/testbench/q_sys_tb/simulation/submodules/q_sys_tb_q_sys_inst_ddr3_bot_p0_read_datapath.v,VERILOG,,q_sys_tb_q_sys_inst_ddr3_bot_p0,false
q_sys/testbench/q_sys_tb/simulation/submodules/q_sys_tb_q_sys_inst_ddr3_bot_p0_write_datapath.v,VERILOG,,q_sys_tb_q_sys_inst_ddr3_bot_p0,false
q_sys/testbench/q_sys_tb/simulation/submodules/q_sys_tb_q_sys_inst_ddr3_bot_p0_hr_to_fr.v,VERILOG,,q_sys_tb_q_sys_inst_ddr3_bot_p0,false
q_sys/testbench/q_sys_tb/simulation/submodules/q_sys_tb_q_sys_inst_ddr3_bot_p0_sequencer_mux_bridge.sv,SYSTEM_VERILOG,,q_sys_tb_q_sys_inst_ddr3_bot_p0,false
q_sys/testbench/q_sys_tb/simulation/submodules/q_sys_tb_q_sys_inst_ddr3_bot_p0_phy_csr.sv,SYSTEM_VERILOG,,q_sys_tb_q_sys_inst_ddr3_bot_p0,false
q_sys/testbench/q_sys_tb/simulation/submodules/q_sys_tb_q_sys_inst_ddr3_bot_p0_iss_probe.v,VERILOG,,q_sys_tb_q_sys_inst_ddr3_bot_p0,false
q_sys/testbench/q_sys_tb/simulation/submodules/q_sys_tb_q_sys_inst_ddr3_bot_p0_flop_mem.v,VERILOG,,q_sys_tb_q_sys_inst_ddr3_bot_p0,false
q_sys/testbench/q_sys_tb/simulation/submodules/q_sys_tb_q_sys_inst_ddr3_bot_p0_nios_sequencer.sv,SYSTEM_VERILOG,,q_sys_tb_q_sys_inst_ddr3_bot_p0,false
q_sys/testbench/q_sys_tb/simulation/submodules/q_sys_tb_q_sys_inst_ddr3_bot_p0.sv,SYSTEM_VERILOG,,q_sys_tb_q_sys_inst_ddr3_bot_p0,false
q_sys/testbench/q_sys_tb/simulation/submodules/q_sys_tb_q_sys_inst_ddr3_bot_p0_altdqdqs.v,VERILOG,,q_sys_tb_q_sys_inst_ddr3_bot_p0,false
q_sys/testbench/q_sys_tb/simulation/submodules/altdq_dqs2_ddio_3reg_stratixiv.sv,SYSTEM_VERILOG,,q_sys_tb_q_sys_inst_ddr3_bot_p0,false
q_sys/testbench/q_sys_tb/simulation/submodules/altdq_dqs2_abstract.sv,SYSTEM_VERILOG,,q_sys_tb_q_sys_inst_ddr3_bot_p0,false
q_sys/testbench/q_sys_tb/simulation/submodules/software/sequencer.c,OTHER,,q_sys_tb_q_sys_inst_ddr3_bot_p0,false
q_sys/testbench/q_sys_tb/simulation/submodules/software/sequencer.h,OTHER,,q_sys_tb_q_sys_inst_ddr3_bot_p0,false
q_sys/testbench/q_sys_tb/simulation/submodules/q_sys_tb_q_sys_inst_ddr3_bot_p0_qsys_sequencer.v,VERILOG,,q_sys_tb_q_sys_inst_ddr3_bot_p0,false
q_sys/testbench/q_sys_tb/simulation/submodules/rw_manager_ram_csr.v,VERILOG,,q_sys_tb_q_sys_inst_ddr3_bot_p0,false
q_sys/testbench/q_sys_tb/simulation/submodules/sequencer_scc_reg_file.v,VERILOG,,q_sys_tb_q_sys_inst_ddr3_bot_p0,false
q_sys/testbench/q_sys_tb/simulation/submodules/sequencer_ptr_mgr.sv,SYSTEM_VERILOG,,q_sys_tb_q_sys_inst_ddr3_bot_p0,false
q_sys/testbench/q_sys_tb/simulation/submodules/q_sys_tb_q_sys_inst_ddr3_bot_p0_qsys_sequencer_cpu_inst_test_bench.v,VERILOG,,q_sys_tb_q_sys_inst_ddr3_bot_p0,false
q_sys/testbench/q_sys_tb/simulation/submodules/rw_manager_datamux.v,VERILOG,,q_sys_tb_q_sys_inst_ddr3_bot_p0,false
q_sys/testbench/q_sys_tb/simulation/submodules/q_sys_tb_q_sys_inst_ddr3_bot_p0_qsys_sequencer_id_router.sv,SYSTEM_VERILOG,,q_sys_tb_q_sys_inst_ddr3_bot_p0,false
q_sys/testbench/q_sys_tb/simulation/submodules/q_sys_tb_q_sys_inst_ddr3_bot_p0_qsys_sequencer_rsp_xbar_demux.sv,SYSTEM_VERILOG,,q_sys_tb_q_sys_inst_ddr3_bot_p0,false
q_sys/testbench/q_sys_tb/simulation/submodules/altera_merlin_slave_translator.sv,SYSTEM_VERILOG,,q_sys_tb_q_sys_inst_ddr3_bot_p0,false
q_sys/testbench/q_sys_tb/simulation/submodules/rw_manager_bitcheck.v,VERILOG,,q_sys_tb_q_sys_inst_ddr3_bot_p0,false
q_sys/testbench/q_sys_tb/simulation/submodules/q_sys_tb_q_sys_inst_ddr3_bot_p0_qsys_sequencer_rsp_xbar_mux_001.sv,SYSTEM_VERILOG,,q_sys_tb_q_sys_inst_ddr3_bot_p0,false
q_sys/testbench/q_sys_tb/simulation/submodules/rw_manager_inst_ROM_reg.v,VERILOG,,q_sys_tb_q_sys_inst_ddr3_bot_p0,false
q_sys/testbench/q_sys_tb/simulation/submodules/rw_manager_jumplogic.v,VERILOG,,q_sys_tb_q_sys_inst_ddr3_bot_p0,false
q_sys/testbench/q_sys_tb/simulation/submodules/q_sys_tb_q_sys_inst_ddr3_bot_p0_qsys_sequencer_sequencer_ram.v,VERILOG,,q_sys_tb_q_sys_inst_ddr3_bot_p0,false
q_sys/testbench/q_sys_tb/simulation/submodules/altera_reset_controller.v,VERILOG,,q_sys_tb_q_sys_inst_ddr3_bot_p0,false
q_sys/testbench/q_sys_tb/simulation/submodules/altera_merlin_master_agent.sv,SYSTEM_VERILOG,,q_sys_tb_q_sys_inst_ddr3_bot_p0,false
q_sys/testbench/q_sys_tb/simulation/submodules/rw_manager_write_decoder.v,VERILOG,,q_sys_tb_q_sys_inst_ddr3_bot_p0,false
q_sys/testbench/q_sys_tb/simulation/submodules/altera_merlin_master_translator.sv,SYSTEM_VERILOG,,q_sys_tb_q_sys_inst_ddr3_bot_p0,false
q_sys/testbench/q_sys_tb/simulation/submodules/q_sys_tb_q_sys_inst_ddr3_bot_p0_qsys_sequencer_cmd_xbar_demux.sv,SYSTEM_VERILOG,,q_sys_tb_q_sys_inst_ddr3_bot_p0,false
q_sys/testbench/q_sys_tb/simulation/submodules/sequencer_phy_mgr.sv,SYSTEM_VERILOG,,q_sys_tb_q_sys_inst_ddr3_bot_p0,false
q_sys/testbench/q_sys_tb/simulation/submodules/altera_merlin_slave_agent.sv,SYSTEM_VERILOG,,q_sys_tb_q_sys_inst_ddr3_bot_p0,false
q_sys/testbench/q_sys_tb/simulation/submodules/rw_manager_di_buffer_wrap.v,VERILOG,,q_sys_tb_q_sys_inst_ddr3_bot_p0,false
q_sys/testbench/q_sys_tb/simulation/submodules/q_sys_tb_q_sys_inst_ddr3_bot_p0_qsys_sequencer_rsp_xbar_demux_002.sv,SYSTEM_VERILOG,,q_sys_tb_q_sys_inst_ddr3_bot_p0,false
q_sys/testbench/q_sys_tb/simulation/submodules/q_sys_tb_q_sys_inst_ddr3_bot_p0_qsys_sequencer_cmd_xbar_demux_001.sv,SYSTEM_VERILOG,,q_sys_tb_q_sys_inst_ddr3_bot_p0,false
q_sys/testbench/q_sys_tb/simulation/submodules/rw_manager_di_buffer.v,VERILOG,,q_sys_tb_q_sys_inst_ddr3_bot_p0,false
q_sys/testbench/q_sys_tb/simulation/submodules/q_sys_tb_q_sys_inst_ddr3_bot_p0_qsys_sequencer_cpu_inst_ociram_default_contents.dat,DAT,,q_sys_tb_q_sys_inst_ddr3_bot_p0,false
q_sys/testbench/q_sys_tb/simulation/submodules/q_sys_tb_q_sys_inst_ddr3_bot_p0_qsys_sequencer_cpu_inst_rf_ram_b.hex,HEX,,q_sys_tb_q_sys_inst_ddr3_bot_p0,false
q_sys/testbench/q_sys_tb/simulation/submodules/altera_reset_synchronizer.v,VERILOG,,q_sys_tb_q_sys_inst_ddr3_bot_p0,false
q_sys/testbench/q_sys_tb/simulation/submodules/altera_merlin_traffic_limiter.sv,SYSTEM_VERILOG,,q_sys_tb_q_sys_inst_ddr3_bot_p0,false
q_sys/testbench/q_sys_tb/simulation/submodules/rw_manager_lfsr36.v,VERILOG,,q_sys_tb_q_sys_inst_ddr3_bot_p0,false
q_sys/testbench/q_sys_tb/simulation/submodules/q_sys_tb_q_sys_inst_ddr3_bot_p0_qsys_sequencer_cpu_inst_rf_ram_b.mif,MIF,,q_sys_tb_q_sys_inst_ddr3_bot_p0,false
q_sys/testbench/q_sys_tb/simulation/submodules/q_sys_tb_q_sys_inst_ddr3_bot_p0_qsys_sequencer_cpu_inst_ociram_default_contents.mif,MIF,,q_sys_tb_q_sys_inst_ddr3_bot_p0,false
q_sys/testbench/q_sys_tb/simulation/submodules/rw_manager_core.sv,SYSTEM_VERILOG,,q_sys_tb_q_sys_inst_ddr3_bot_p0,false
q_sys/testbench/q_sys_tb/simulation/submodules/rw_manager_data_decoder.v,VERILOG,,q_sys_tb_q_sys_inst_ddr3_bot_p0,false
q_sys/testbench/q_sys_tb/simulation/submodules/q_sys_tb_q_sys_inst_ddr3_bot_p0_qsys_sequencer_sequencer_rom.hex,HEX,,q_sys_tb_q_sys_inst_ddr3_bot_p0,false
q_sys/testbench/q_sys_tb/simulation/submodules/q_sys_tb_q_sys_inst_ddr3_bot_p0_qsys_sequencer_cpu_inst_rf_ram_a.dat,DAT,,q_sys_tb_q_sys_inst_ddr3_bot_p0,false
q_sys/testbench/q_sys_tb/simulation/submodules/rw_manager_dm_decoder.v,VERILOG,,q_sys_tb_q_sys_inst_ddr3_bot_p0,false
q_sys/testbench/q_sys_tb/simulation/submodules/q_sys_tb_q_sys_inst_ddr3_bot_p0_qsys_sequencer_cpu_inst_ociram_default_contents.hex,HEX,,q_sys_tb_q_sys_inst_ddr3_bot_p0,false
q_sys/testbench/q_sys_tb/simulation/submodules/q_sys_tb_q_sys_inst_ddr3_bot_p0_qsys_sequencer_cpu_inst_rf_ram_a.mif,MIF,,q_sys_tb_q_sys_inst_ddr3_bot_p0,false
q_sys/testbench/q_sys_tb/simulation/submodules/q_sys_tb_q_sys_inst_ddr3_bot_p0_qsys_sequencer_cpu_inst_rf_ram_b.dat,DAT,,q_sys_tb_q_sys_inst_ddr3_bot_p0,false
q_sys/testbench/q_sys_tb/simulation/submodules/rw_manager_lfsr12.v,VERILOG,,q_sys_tb_q_sys_inst_ddr3_bot_p0,false
q_sys/testbench/q_sys_tb/simulation/submodules/rw_manager_generic.sv,SYSTEM_VERILOG,,q_sys_tb_q_sys_inst_ddr3_bot_p0,false
q_sys/testbench/q_sys_tb/simulation/submodules/rw_manager_pattern_fifo.v,VERILOG,,q_sys_tb_q_sys_inst_ddr3_bot_p0,false
q_sys/testbench/q_sys_tb/simulation/submodules/rw_manager_lfsr72.v,VERILOG,,q_sys_tb_q_sys_inst_ddr3_bot_p0,false
q_sys/testbench/q_sys_tb/simulation/submodules/rw_manager_ddr3.v,VERILOG,,q_sys_tb_q_sys_inst_ddr3_bot_p0,false
q_sys/testbench/q_sys_tb/simulation/submodules/q_sys_tb_q_sys_inst_ddr3_bot_p0_qsys_sequencer_id_router_002.sv,SYSTEM_VERILOG,,q_sys_tb_q_sys_inst_ddr3_bot_p0,false
q_sys/testbench/q_sys_tb/simulation/submodules/altera_avalon_sc_fifo.v,VERILOG,,q_sys_tb_q_sys_inst_ddr3_bot_p0,false
q_sys/testbench/q_sys_tb/simulation/submodules/q_sys_tb_q_sys_inst_ddr3_bot_p0_qsys_sequencer_cpu_inst_rf_ram_a.hex,HEX,,q_sys_tb_q_sys_inst_ddr3_bot_p0,false
q_sys/testbench/q_sys_tb/simulation/submodules/altera_merlin_burst_uncompressor.sv,SYSTEM_VERILOG,,q_sys_tb_q_sys_inst_ddr3_bot_p0,false
q_sys/testbench/q_sys_tb/simulation/submodules/sequencer_scc_phase_decode.v,VERILOG,,q_sys_tb_q_sys_inst_ddr3_bot_p0,false
q_sys/testbench/q_sys_tb/simulation/submodules/q_sys_tb_q_sys_inst_ddr3_bot_p0_qsys_sequencer_cpu_inst.v,VERILOG,,q_sys_tb_q_sys_inst_ddr3_bot_p0,false
q_sys/testbench/q_sys_tb/simulation/submodules/q_sys_tb_q_sys_inst_ddr3_bot_p0_qsys_sequencer_cpu_inst_oci_test_bench.v,VERILOG,,q_sys_tb_q_sys_inst_ddr3_bot_p0,false
q_sys/testbench/q_sys_tb/simulation/submodules/q_sys_tb_q_sys_inst_ddr3_bot_p0_qsys_sequencer_rsp_xbar_mux.sv,SYSTEM_VERILOG,,q_sys_tb_q_sys_inst_ddr3_bot_p0,false
q_sys/testbench/q_sys_tb/simulation/submodules/rw_manager_ac_ROM_reg.v,VERILOG,,q_sys_tb_q_sys_inst_ddr3_bot_p0,false
q_sys/testbench/q_sys_tb/simulation/submodules/q_sys_tb_q_sys_inst_ddr3_bot_p0_qsys_sequencer_cmd_xbar_mux.sv,SYSTEM_VERILOG,,q_sys_tb_q_sys_inst_ddr3_bot_p0,false
q_sys/testbench/q_sys_tb/simulation/submodules/q_sys_tb_q_sys_inst_ddr3_bot_p0_qsys_sequencer_addr_router.sv,SYSTEM_VERILOG,,q_sys_tb_q_sys_inst_ddr3_bot_p0,false
q_sys/testbench/q_sys_tb/simulation/submodules/rw_manager_ram.v,VERILOG,,q_sys_tb_q_sys_inst_ddr3_bot_p0,false
q_sys/testbench/q_sys_tb/simulation/submodules/q_sys_tb_q_sys_inst_ddr3_bot_p0_qsys_sequencer_cpu_inst_jtag_debug_module_wrapper.v,VERILOG,,q_sys_tb_q_sys_inst_ddr3_bot_p0,false
q_sys/testbench/q_sys_tb/simulation/submodules/rw_manager_read_datapath.v,VERILOG,,q_sys_tb_q_sys_inst_ddr3_bot_p0,false
q_sys/testbench/q_sys_tb/simulation/submodules/rw_manager_ac_ROM_no_ifdef_params.v,VERILOG,,q_sys_tb_q_sys_inst_ddr3_bot_p0,false
q_sys/testbench/q_sys_tb/simulation/submodules/sequencer_scc_mgr.sv,SYSTEM_VERILOG,,q_sys_tb_q_sys_inst_ddr3_bot_p0,false
q_sys/testbench/q_sys_tb/simulation/submodules/q_sys_tb_q_sys_inst_ddr3_bot_p0_qsys_sequencer_irq_mapper.sv,SYSTEM_VERILOG,,q_sys_tb_q_sys_inst_ddr3_bot_p0,false
q_sys/testbench/q_sys_tb/simulation/submodules/altera_merlin_arbitrator.sv,SYSTEM_VERILOG,,q_sys_tb_q_sys_inst_ddr3_bot_p0,false
q_sys/testbench/q_sys_tb/simulation/submodules/q_sys_tb_q_sys_inst_ddr3_bot_p0_qsys_sequencer_cpu_inst_jtag_debug_module_tck.v,VERILOG,,q_sys_tb_q_sys_inst_ddr3_bot_p0,false
q_sys/testbench/q_sys_tb/simulation/submodules/sequencer_data_mgr.sv,SYSTEM_VERILOG,,q_sys_tb_q_sys_inst_ddr3_bot_p0,false
q_sys/testbench/q_sys_tb/simulation/submodules/q_sys_tb_q_sys_inst_ddr3_bot_p0_qsys_sequencer_sequencer_rom.v,VERILOG,,q_sys_tb_q_sys_inst_ddr3_bot_p0,false
q_sys/testbench/q_sys_tb/simulation/submodules/altera_avalon_st_pipeline_base.v,VERILOG,,q_sys_tb_q_sys_inst_ddr3_bot_p0,false
q_sys/testbench/q_sys_tb/simulation/submodules/q_sys_tb_q_sys_inst_ddr3_bot_p0_qsys_sequencer_addr_router_001.sv,SYSTEM_VERILOG,,q_sys_tb_q_sys_inst_ddr3_bot_p0,false
q_sys/testbench/q_sys_tb/simulation/submodules/q_sys_tb_q_sys_inst_ddr3_bot_p0_qsys_sequencer_cpu_inst.sdc,SDC,,q_sys_tb_q_sys_inst_ddr3_bot_p0,false
q_sys/testbench/q_sys_tb/simulation/submodules/q_sys_tb_q_sys_inst_ddr3_bot_p0_qsys_sequencer_cpu_inst_jtag_debug_module_sysclk.v,VERILOG,,q_sys_tb_q_sys_inst_ddr3_bot_p0,false
q_sys/testbench/q_sys_tb/simulation/submodules/rw_manager_data_broadcast.v,VERILOG,,q_sys_tb_q_sys_inst_ddr3_bot_p0,false
q_sys/testbench/q_sys_tb/simulation/submodules/rw_manager_inst_ROM_no_ifdef_params.v,VERILOG,,q_sys_tb_q_sys_inst_ddr3_bot_p0,false
q_sys/testbench/q_sys_tb/simulation/submodules/q_sys_tb_q_sys_inst_ddr3_bot_p0_sequencer_rom.hex,HEX,,q_sys_tb_q_sys_inst_ddr3_bot_p0,false
q_sys/testbench/q_sys_tb/simulation/submodules/q_sys_tb_q_sys_inst_ddr3_bot_p0_AC_ROM.hex,HEX,,q_sys_tb_q_sys_inst_ddr3_bot_p0,false
q_sys/testbench/q_sys_tb/simulation/submodules/q_sys_tb_q_sys_inst_ddr3_bot_p0_inst_ROM.hex,HEX,,q_sys_tb_q_sys_inst_ddr3_bot_p0,false
q_sys/testbench/q_sys_tb/simulation/submodules/alt_mem_ddrx_addr_cmd.v,VERILOG,,alt_mem_if_nextgen_ddr3_controller_core,false
q_sys/testbench/q_sys_tb/simulation/submodules/alt_mem_ddrx_addr_cmd_wrap.v,VERILOG,,alt_mem_if_nextgen_ddr3_controller_core,false
q_sys/testbench/q_sys_tb/simulation/submodules/alt_mem_ddrx_ddr2_odt_gen.v,VERILOG,,alt_mem_if_nextgen_ddr3_controller_core,false
q_sys/testbench/q_sys_tb/simulation/submodules/alt_mem_ddrx_ddr3_odt_gen.v,VERILOG,,alt_mem_if_nextgen_ddr3_controller_core,false
q_sys/testbench/q_sys_tb/simulation/submodules/alt_mem_ddrx_lpddr2_addr_cmd.v,VERILOG,,alt_mem_if_nextgen_ddr3_controller_core,false
q_sys/testbench/q_sys_tb/simulation/submodules/alt_mem_ddrx_odt_gen.v,VERILOG,,alt_mem_if_nextgen_ddr3_controller_core,false
q_sys/testbench/q_sys_tb/simulation/submodules/alt_mem_ddrx_rdwr_data_tmg.v,VERILOG,,alt_mem_if_nextgen_ddr3_controller_core,false
q_sys/testbench/q_sys_tb/simulation/submodules/alt_mem_ddrx_arbiter.v,VERILOG,,alt_mem_if_nextgen_ddr3_controller_core,false
q_sys/testbench/q_sys_tb/simulation/submodules/alt_mem_ddrx_burst_gen.v,VERILOG,,alt_mem_if_nextgen_ddr3_controller_core,false
q_sys/testbench/q_sys_tb/simulation/submodules/alt_mem_ddrx_cmd_gen.v,VERILOG,,alt_mem_if_nextgen_ddr3_controller_core,false
q_sys/testbench/q_sys_tb/simulation/submodules/alt_mem_ddrx_csr.v,VERILOG,,alt_mem_if_nextgen_ddr3_controller_core,false
q_sys/testbench/q_sys_tb/simulation/submodules/alt_mem_ddrx_buffer.v,VERILOG,,alt_mem_if_nextgen_ddr3_controller_core,false
q_sys/testbench/q_sys_tb/simulation/submodules/alt_mem_ddrx_buffer_manager.v,VERILOG,,alt_mem_if_nextgen_ddr3_controller_core,false
q_sys/testbench/q_sys_tb/simulation/submodules/alt_mem_ddrx_burst_tracking.v,VERILOG,,alt_mem_if_nextgen_ddr3_controller_core,false
q_sys/testbench/q_sys_tb/simulation/submodules/alt_mem_ddrx_dataid_manager.v,VERILOG,,alt_mem_if_nextgen_ddr3_controller_core,false
q_sys/testbench/q_sys_tb/simulation/submodules/alt_mem_ddrx_fifo.v,VERILOG,,alt_mem_if_nextgen_ddr3_controller_core,false
q_sys/testbench/q_sys_tb/simulation/submodules/alt_mem_ddrx_list.v,VERILOG,,alt_mem_if_nextgen_ddr3_controller_core,false
q_sys/testbench/q_sys_tb/simulation/submodules/alt_mem_ddrx_rdata_path.v,VERILOG,,alt_mem_if_nextgen_ddr3_controller_core,false
q_sys/testbench/q_sys_tb/simulation/submodules/alt_mem_ddrx_wdata_path.v,VERILOG,,alt_mem_if_nextgen_ddr3_controller_core,false
q_sys/testbench/q_sys_tb/simulation/submodules/alt_mem_ddrx_define.iv,VERILOG_INCLUDE,,alt_mem_if_nextgen_ddr3_controller_core,false
q_sys/testbench/q_sys_tb/simulation/submodules/alt_mem_ddrx_ecc_decoder.v,VERILOG,,alt_mem_if_nextgen_ddr3_controller_core,false
q_sys/testbench/q_sys_tb/simulation/submodules/alt_mem_ddrx_ecc_decoder_32_syn.v,VERILOG,,alt_mem_if_nextgen_ddr3_controller_core,false
q_sys/testbench/q_sys_tb/simulation/submodules/alt_mem_ddrx_ecc_decoder_64_syn.v,VERILOG,,alt_mem_if_nextgen_ddr3_controller_core,false
q_sys/testbench/q_sys_tb/simulation/submodules/alt_mem_ddrx_ecc_encoder.v,VERILOG,,alt_mem_if_nextgen_ddr3_controller_core,false
q_sys/testbench/q_sys_tb/simulation/submodules/alt_mem_ddrx_ecc_encoder_32_syn.v,VERILOG,,alt_mem_if_nextgen_ddr3_controller_core,false
q_sys/testbench/q_sys_tb/simulation/submodules/alt_mem_ddrx_ecc_encoder_64_syn.v,VERILOG,,alt_mem_if_nextgen_ddr3_controller_core,false
q_sys/testbench/q_sys_tb/simulation/submodules/alt_mem_ddrx_ecc_encoder_decoder_wrapper.v,VERILOG,,alt_mem_if_nextgen_ddr3_controller_core,false
q_sys/testbench/q_sys_tb/simulation/submodules/alt_mem_ddrx_input_if.v,VERILOG,,alt_mem_if_nextgen_ddr3_controller_core,false
q_sys/testbench/q_sys_tb/simulation/submodules/alt_mem_ddrx_rank_timer.v,VERILOG,,alt_mem_if_nextgen_ddr3_controller_core,false
q_sys/testbench/q_sys_tb/simulation/submodules/alt_mem_ddrx_sideband.v,VERILOG,,alt_mem_if_nextgen_ddr3_controller_core,false
q_sys/testbench/q_sys_tb/simulation/submodules/alt_mem_ddrx_tbp.v,VERILOG,,alt_mem_if_nextgen_ddr3_controller_core,false
q_sys/testbench/q_sys_tb/simulation/submodules/alt_mem_ddrx_timing_param.v,VERILOG,,alt_mem_if_nextgen_ddr3_controller_core,false
q_sys/testbench/q_sys_tb/simulation/submodules/alt_mem_ddrx_controller.v,VERILOG,,alt_mem_if_nextgen_ddr3_controller_core,false
q_sys/testbench/q_sys_tb/simulation/submodules/alt_mem_ddrx_controller_st_top.v,VERILOG,,alt_mem_if_nextgen_ddr3_controller_core,false
q_sys/testbench/q_sys_tb/simulation/submodules/alt_mem_if_nextgen_ddr3_controller_core.sv,SYSTEM_VERILOG,,alt_mem_if_nextgen_ddr3_controller_core,false
q_sys/testbench/q_sys_tb/simulation/submodules/alt_mem_ddrx_mm_st_converter.v,VERILOG,,alt_mem_ddrx_mm_st_converter,false
#
# Map from instance-path to kind of module
instances:
instancePath,module
q_sys_tb.q_sys_inst,q_sys_tb_q_sys_inst
q_sys_tb.q_sys_inst.onchip_memory2_0,q_sys_tb_q_sys_inst_onchip_memory2_0
q_sys_tb.q_sys_inst.modular_sgdma_dispatcher_0,dispatcher
q_sys_tb.q_sys_inst.dma_read_master_0,read_master
q_sys_tb.q_sys_inst.dma_write_master_0,write_master
q_sys_tb.q_sys_inst.pcie_hard_ip_0,q_sys_tb_q_sys_inst_pcie_hard_ip_0
q_sys_tb.q_sys_inst.pcie_hard_ip_0.pcie_internal_hip,q_sys_tb_q_sys_inst_pcie_hard_ip_0_pcie_internal_hip
q_sys_tb.q_sys_inst.pcie_hard_ip_0.altgx_internal,q_sys_tb_q_sys_inst_pcie_hard_ip_0_altgx_internal
q_sys_tb.q_sys_inst.pcie_hard_ip_0.reset_controller_internal,altera_pcie_hard_ip_reset_controller
q_sys_tb.q_sys_inst.pcie_hard_ip_0.pipe_interface_internal,altpcie_pipe_interface
q_sys_tb.q_sys_inst.pcie_hard_ip_0.bar0_Translator,altera_avalon_mm_bridge
q_sys_tb.q_sys_inst.pcie_hard_ip_0.bar2_Translator,altera_avalon_mm_bridge
q_sys_tb.q_sys_inst.pcie_hard_ip_0.pcie_internal_hip_Rxm_translator,altera_merlin_master_translator
q_sys_tb.q_sys_inst.pcie_hard_ip_0.bar0_Translator_s0_translator,altera_merlin_slave_translator
q_sys_tb.q_sys_inst.pcie_hard_ip_0.bar2_Translator_s0_translator,altera_merlin_slave_translator
q_sys_tb.q_sys_inst.pcie_hard_ip_0.pcie_internal_hip_Rxm_translator_avalon_universal_master_0_agent,altera_merlin_master_agent
q_sys_tb.q_sys_inst.pcie_hard_ip_0.bar0_Translator_s0_translator_avalon_universal_slave_0_agent,altera_merlin_slave_agent
q_sys_tb.q_sys_inst.pcie_hard_ip_0.bar2_Translator_s0_translator_avalon_universal_slave_0_agent,altera_merlin_slave_agent
q_sys_tb.q_sys_inst.pcie_hard_ip_0.bar0_Translator_s0_translator_avalon_universal_slave_0_agent_rsp_fifo,altera_avalon_sc_fifo
q_sys_tb.q_sys_inst.pcie_hard_ip_0.bar2_Translator_s0_translator_avalon_universal_slave_0_agent_rsp_fifo,altera_avalon_sc_fifo
q_sys_tb.q_sys_inst.pcie_hard_ip_0.addr_router,q_sys_tb_q_sys_inst_pcie_hard_ip_0_addr_router
q_sys_tb.q_sys_inst.pcie_hard_ip_0.id_router,q_sys_tb_q_sys_inst_pcie_hard_ip_0_id_router
q_sys_tb.q_sys_inst.pcie_hard_ip_0.id_router_001,q_sys_tb_q_sys_inst_pcie_hard_ip_0_id_router
q_sys_tb.q_sys_inst.pcie_hard_ip_0.limiter,altera_merlin_traffic_limiter
q_sys_tb.q_sys_inst.pcie_hard_ip_0.rst_controller,altera_reset_controller
q_sys_tb.q_sys_inst.pcie_hard_ip_0.rst_controller_001,altera_reset_controller
q_sys_tb.q_sys_inst.pcie_hard_ip_0.cmd_xbar_demux,q_sys_tb_q_sys_inst_pcie_hard_ip_0_cmd_xbar_demux
q_sys_tb.q_sys_inst.pcie_hard_ip_0.rsp_xbar_demux,q_sys_tb_q_sys_inst_pcie_hard_ip_0_rsp_xbar_demux
q_sys_tb.q_sys_inst.pcie_hard_ip_0.rsp_xbar_demux_001,q_sys_tb_q_sys_inst_pcie_hard_ip_0_rsp_xbar_demux
q_sys_tb.q_sys_inst.pcie_hard_ip_0.rsp_xbar_mux,q_sys_tb_q_sys_inst_pcie_hard_ip_0_rsp_xbar_mux
q_sys_tb.q_sys_inst.ddr3_bot,q_sys_tb_q_sys_inst_ddr3_bot
q_sys_tb.q_sys_inst.ddr3_bot.c0,q_sys_tb_q_sys_inst_ddr3_bot_c0
q_sys_tb.q_sys_inst.ddr3_bot.c0.ng0,alt_mem_if_nextgen_ddr3_controller_core
q_sys_tb.q_sys_inst.ddr3_bot.c0.a0,alt_mem_ddrx_mm_st_converter
q_sys_tb.q_sys_inst.ddr3_bot.p0,q_sys_tb_q_sys_inst_ddr3_bot_p0
q_sys_tb.q_sys_inst.dma_read_master_0_Data_Read_Master_translator,altera_merlin_master_translator
q_sys_tb.q_sys_inst.dma_write_master_0_Data_Write_Master_translator,altera_merlin_master_translator
q_sys_tb.q_sys_inst.pcie_hard_ip_0_bar1_0_translator,altera_merlin_master_translator
q_sys_tb.q_sys_inst.pcie_hard_ip_0_bar2_translator,altera_merlin_master_translator
q_sys_tb.q_sys_inst.onchip_memory2_0_s1_translator,altera_merlin_slave_translator
q_sys_tb.q_sys_inst.pcie_hard_ip_0_txs_translator,altera_merlin_slave_translator
q_sys_tb.q_sys_inst.ddr3_bot_avl_translator,altera_merlin_slave_translator
q_sys_tb.q_sys_inst.pcie_hard_ip_0_cra_translator,altera_merlin_slave_translator
q_sys_tb.q_sys_inst.modular_sgdma_dispatcher_0_CSR_translator,altera_merlin_slave_translator
q_sys_tb.q_sys_inst.modular_sgdma_dispatcher_0_Descriptor_Slave_translator,altera_merlin_slave_translator
q_sys_tb.q_sys_inst.dma_read_master_0_Data_Read_Master_translator_avalon_universal_master_0_agent,altera_merlin_master_agent
q_sys_tb.q_sys_inst.dma_write_master_0_Data_Write_Master_translator_avalon_universal_master_0_agent,altera_merlin_master_agent
q_sys_tb.q_sys_inst.pcie_hard_ip_0_bar1_0_translator_avalon_universal_master_0_agent,altera_merlin_master_agent
q_sys_tb.q_sys_inst.pcie_hard_ip_0_bar2_translator_avalon_universal_master_0_agent,altera_merlin_master_agent
q_sys_tb.q_sys_inst.onchip_memory2_0_s1_translator_avalon_universal_slave_0_agent,altera_merlin_slave_agent
q_sys_tb.q_sys_inst.pcie_hard_ip_0_txs_translator_avalon_universal_slave_0_agent,altera_merlin_slave_agent
q_sys_tb.q_sys_inst.ddr3_bot_avl_translator_avalon_universal_slave_0_agent,altera_merlin_slave_agent
q_sys_tb.q_sys_inst.pcie_hard_ip_0_cra_translator_avalon_universal_slave_0_agent,altera_merlin_slave_agent
q_sys_tb.q_sys_inst.modular_sgdma_dispatcher_0_CSR_translator_avalon_universal_slave_0_agent,altera_merlin_slave_agent
q_sys_tb.q_sys_inst.modular_sgdma_dispatcher_0_Descriptor_Slave_translator_avalon_universal_slave_0_agent,altera_merlin_slave_agent
q_sys_tb.q_sys_inst.onchip_memory2_0_s1_translator_avalon_universal_slave_0_agent_rsp_fifo,altera_avalon_sc_fifo
q_sys_tb.q_sys_inst.onchip_memory2_0_s1_translator_avalon_universal_slave_0_agent_rdata_fifo,altera_avalon_sc_fifo
q_sys_tb.q_sys_inst.pcie_hard_ip_0_txs_translator_avalon_universal_slave_0_agent_rsp_fifo,altera_avalon_sc_fifo
q_sys_tb.q_sys_inst.ddr3_bot_avl_translator_avalon_universal_slave_0_agent_rsp_fifo,altera_avalon_sc_fifo
q_sys_tb.q_sys_inst.ddr3_bot_avl_translator_avalon_universal_slave_0_agent_rdata_fifo,altera_avalon_sc_fifo
q_sys_tb.q_sys_inst.pcie_hard_ip_0_cra_translator_avalon_universal_slave_0_agent_rsp_fifo,altera_avalon_sc_fifo
q_sys_tb.q_sys_inst.modular_sgdma_dispatcher_0_CSR_translator_avalon_universal_slave_0_agent_rsp_fifo,altera_avalon_sc_fifo
q_sys_tb.q_sys_inst.modular_sgdma_dispatcher_0_Descriptor_Slave_translator_avalon_universal_slave_0_agent_rsp_fifo,altera_avalon_sc_fifo
q_sys_tb.q_sys_inst.modular_sgdma_dispatcher_0_Descriptor_Slave_translator_avalon_universal_slave_0_agent_rdata_fifo,altera_avalon_sc_fifo
q_sys_tb.q_sys_inst.addr_router,q_sys_tb_q_sys_inst_addr_router
q_sys_tb.q_sys_inst.addr_router_001,q_sys_tb_q_sys_inst_addr_router
q_sys_tb.q_sys_inst.addr_router_002,q_sys_tb_q_sys_inst_addr_router_002
q_sys_tb.q_sys_inst.id_router,q_sys_tb_q_sys_inst_id_router
q_sys_tb.q_sys_inst.id_router_002,q_sys_tb_q_sys_inst_id_router
q_sys_tb.q_sys_inst.id_router_001,q_sys_tb_q_sys_inst_id_router_001
q_sys_tb.q_sys_inst.addr_router_003,q_sys_tb_q_sys_inst_addr_router_003
q_sys_tb.q_sys_inst.id_router_003,q_sys_tb_q_sys_inst_id_router_003
q_sys_tb.q_sys_inst.id_router_004,q_sys_tb_q_sys_inst_id_router_003
q_sys_tb.q_sys_inst.id_router_005,q_sys_tb_q_sys_inst_id_router_005
q_sys_tb.q_sys_inst.limiter,altera_merlin_traffic_limiter
q_sys_tb.q_sys_inst.limiter_001,altera_merlin_traffic_limiter
q_sys_tb.q_sys_inst.limiter_002,altera_merlin_traffic_limiter
q_sys_tb.q_sys_inst.limiter_003,altera_merlin_traffic_limiter
q_sys_tb.q_sys_inst.burst_adapter,altera_merlin_burst_adapter
q_sys_tb.q_sys_inst.burst_adapter_001,altera_merlin_burst_adapter
q_sys_tb.q_sys_inst.burst_adapter_002,altera_merlin_burst_adapter
q_sys_tb.q_sys_inst.burst_adapter_003,altera_merlin_burst_adapter
q_sys_tb.q_sys_inst.burst_adapter_004,altera_merlin_burst_adapter
q_sys_tb.q_sys_inst.rst_controller,altera_reset_controller
q_sys_tb.q_sys_inst.rst_controller_001,altera_reset_controller
q_sys_tb.q_sys_inst.rst_controller_002,altera_reset_controller
q_sys_tb.q_sys_inst.cmd_xbar_demux,q_sys_tb_q_sys_inst_cmd_xbar_demux
q_sys_tb.q_sys_inst.cmd_xbar_demux_001,q_sys_tb_q_sys_inst_cmd_xbar_demux
q_sys_tb.q_sys_inst.rsp_xbar_demux,q_sys_tb_q_sys_inst_cmd_xbar_demux
q_sys_tb.q_sys_inst.rsp_xbar_demux_002,q_sys_tb_q_sys_inst_cmd_xbar_demux
q_sys_tb.q_sys_inst.cmd_xbar_demux_002,q_sys_tb_q_sys_inst_cmd_xbar_demux_002
q_sys_tb.q_sys_inst.rsp_xbar_demux_001,q_sys_tb_q_sys_inst_cmd_xbar_demux_002
q_sys_tb.q_sys_inst.cmd_xbar_mux,q_sys_tb_q_sys_inst_cmd_xbar_mux
q_sys_tb.q_sys_inst.cmd_xbar_mux_002,q_sys_tb_q_sys_inst_cmd_xbar_mux
q_sys_tb.q_sys_inst.cmd_xbar_mux_001,q_sys_tb_q_sys_inst_cmd_xbar_mux_001
q_sys_tb.q_sys_inst.rsp_xbar_mux,q_sys_tb_q_sys_inst_rsp_xbar_mux
q_sys_tb.q_sys_inst.rsp_xbar_mux_001,q_sys_tb_q_sys_inst_rsp_xbar_mux
q_sys_tb.q_sys_inst.rsp_xbar_mux_002,q_sys_tb_q_sys_inst_rsp_xbar_mux_002
q_sys_tb.q_sys_inst.cmd_xbar_demux_003,q_sys_tb_q_sys_inst_cmd_xbar_demux_003
q_sys_tb.q_sys_inst.rsp_xbar_demux_003,q_sys_tb_q_sys_inst_rsp_xbar_demux_003
q_sys_tb.q_sys_inst.rsp_xbar_demux_004,q_sys_tb_q_sys_inst_rsp_xbar_demux_003
q_sys_tb.q_sys_inst.rsp_xbar_demux_005,q_sys_tb_q_sys_inst_rsp_xbar_demux_003
q_sys_tb.q_sys_inst.rsp_xbar_mux_003,q_sys_tb_q_sys_inst_rsp_xbar_mux_003
q_sys_tb.q_sys_inst.width_adapter,altera_merlin_width_adapter
q_sys_tb.q_sys_inst.width_adapter_001,altera_merlin_width_adapter
q_sys_tb.q_sys_inst.width_adapter_002,altera_merlin_width_adapter
q_sys_tb.q_sys_inst.width_adapter_003,altera_merlin_width_adapter
q_sys_tb.q_sys_inst.width_adapter_004,altera_merlin_width_adapter
q_sys_tb.q_sys_inst.width_adapter_005,altera_merlin_width_adapter
q_sys_tb.q_sys_inst.width_adapter_006,altera_merlin_width_adapter
q_sys_tb.q_sys_inst.width_adapter_007,altera_merlin_width_adapter
q_sys_tb.q_sys_inst.width_adapter_008,altera_merlin_width_adapter
q_sys_tb.q_sys_inst.width_adapter_009,altera_merlin_width_adapter
q_sys_tb.q_sys_inst.width_adapter_010,altera_merlin_width_adapter
q_sys_tb.q_sys_inst.width_adapter_011,altera_merlin_width_adapter
q_sys_tb.q_sys_inst.width_adapter_012,altera_merlin_width_adapter
q_sys_tb.q_sys_inst.width_adapter_013,altera_merlin_width_adapter
q_sys_tb.q_sys_inst.async_fifo,altera_avalon_dc_fifo
q_sys_tb.q_sys_inst.async_fifo_001,altera_avalon_dc_fifo
q_sys_tb.q_sys_inst.async_fifo_002,altera_avalon_dc_fifo
q_sys_tb.q_sys_inst.async_fifo_003,altera_avalon_dc_fifo
q_sys_tb.q_sys_inst.async_fifo_004,altera_avalon_dc_fifo
q_sys_tb.q_sys_inst.async_fifo_005,altera_avalon_dc_fifo
q_sys_tb.q_sys_inst.limiter_pipeline,altera_avalon_st_pipeline_stage
q_sys_tb.q_sys_inst.limiter_pipeline_001,altera_avalon_st_pipeline_stage
q_sys_tb.q_sys_inst.limiter_pipeline_002,altera_avalon_st_pipeline_stage
q_sys_tb.q_sys_inst.limiter_pipeline_003,altera_avalon_st_pipeline_stage
q_sys_tb.q_sys_inst.limiter_pipeline_004,altera_avalon_st_pipeline_stage
q_sys_tb.q_sys_inst.limiter_pipeline_005,altera_avalon_st_pipeline_stage
q_sys_tb.q_sys_inst.limiter_pipeline_006,altera_avalon_st_pipeline_stage
q_sys_tb.q_sys_inst.limiter_pipeline_007,altera_avalon_st_pipeline_stage
q_sys_tb.q_sys_inst.agent_pipeline,altera_avalon_st_pipeline_stage
q_sys_tb.q_sys_inst.agent_pipeline_001,altera_avalon_st_pipeline_stage
q_sys_tb.q_sys_inst.agent_pipeline_002,altera_avalon_st_pipeline_stage
q_sys_tb.q_sys_inst.agent_pipeline_003,altera_avalon_st_pipeline_stage
q_sys_tb.q_sys_inst.agent_pipeline_004,altera_avalon_st_pipeline_stage
q_sys_tb.q_sys_inst.agent_pipeline_005,altera_avalon_st_pipeline_stage
q_sys_tb.q_sys_inst.agent_pipeline_006,altera_avalon_st_pipeline_stage
q_sys_tb.q_sys_inst.agent_pipeline_007,altera_avalon_st_pipeline_stage
q_sys_tb.q_sys_inst.agent_pipeline_008,altera_avalon_st_pipeline_stage
q_sys_tb.q_sys_inst.agent_pipeline_009,altera_avalon_st_pipeline_stage
q_sys_tb.q_sys_inst.agent_pipeline_010,altera_avalon_st_pipeline_stage
q_sys_tb.q_sys_inst.agent_pipeline_011,altera_avalon_st_pipeline_stage
q_sys_tb.q_sys_inst.mux_pipeline,altera_avalon_st_pipeline_stage
q_sys_tb.q_sys_inst.mux_pipeline_001,altera_avalon_st_pipeline_stage
q_sys_tb.q_sys_inst.mux_pipeline_002,altera_avalon_st_pipeline_stage
q_sys_tb.q_sys_inst.mux_pipeline_003,altera_avalon_st_pipeline_stage
q_sys_tb.q_sys_inst.mux_pipeline_004,altera_avalon_st_pipeline_stage
q_sys_tb.q_sys_inst.mux_pipeline_005,altera_avalon_st_pipeline_stage
q_sys_tb.q_sys_inst.mux_pipeline_006,altera_avalon_st_pipeline_stage
q_sys_tb.q_sys_inst.mux_pipeline_007,altera_avalon_st_pipeline_stage
q_sys_tb.q_sys_inst.mux_pipeline_008,altera_avalon_st_pipeline_stage
q_sys_tb.q_sys_inst.mux_pipeline_009,altera_avalon_st_pipeline_stage
q_sys_tb.q_sys_inst.mux_pipeline_010,altera_avalon_st_pipeline_stage
q_sys_tb.q_sys_inst.mux_pipeline_011,altera_avalon_st_pipeline_stage
q_sys_tb.q_sys_inst.mux_pipeline_012,altera_avalon_st_pipeline_stage
q_sys_tb.q_sys_inst.mux_pipeline_013,altera_avalon_st_pipeline_stage
q_sys_tb.q_sys_inst.mux_pipeline_014,altera_avalon_st_pipeline_stage
q_sys_tb.q_sys_inst.mux_pipeline_015,altera_avalon_st_pipeline_stage
q_sys_tb.q_sys_inst.mux_pipeline_016,altera_avalon_st_pipeline_stage
q_sys_tb.q_sys_inst.mux_pipeline_017,altera_avalon_st_pipeline_stage
q_sys_tb.q_sys_inst.mux_pipeline_018,altera_avalon_st_pipeline_stage
q_sys_tb.q_sys_inst.mux_pipeline_019,altera_avalon_st_pipeline_stage
q_sys_tb.q_sys_inst.mux_pipeline_020,altera_avalon_st_pipeline_stage
q_sys_tb.q_sys_inst.mux_pipeline_021,altera_avalon_st_pipeline_stage
q_sys_tb.q_sys_inst.irq_mapper,q_sys_tb_q_sys_inst_irq_mapper
q_sys_tb.q_sys_inst.irq_synchronizer,q_sys_tb_q_sys_inst_irq_synchronizer
q_sys_tb.q_sys_inst_clkin_100_clk_in_bfm,altera_avalon_clock_source
q_sys_tb.q_sys_inst_clkin_50_bfm,altera_avalon_clock_source
q_sys_tb.q_sys_inst_pcie_hard_ip_0_fixedclk_bfm,altera_avalon_clock_source
q_sys_tb.q_sys_inst_clkin_100_clk_in_reset_bfm,altera_avalon_reset_source
q_sys_tb.q_sys_inst_clkin_50_clk_in_reset_bfm,altera_avalon_reset_source
q_sys_tb.q_sys_inst_pcie_hard_ip_0_reconfig_busy_bfm,q_sys_tb_q_sys_inst_pcie_hard_ip_0_reconfig_busy_bfm
q_sys_tb.q_sys_inst_pcie_hard_ip_0_reconfig_fromgxb_0_bfm,q_sys_tb_q_sys_inst_pcie_hard_ip_0_reconfig_fromgxb_0_bfm
q_sys_tb.q_sys_inst_pcie_hard_ip_0_reconfig_togxb_bfm,q_sys_tb_q_sys_inst_pcie_hard_ip_0_reconfig_togxb_bfm
q_sys_tb.q_sys_inst_ddr3_bot_oct_bfm,q_sys_tb_q_sys_inst_ddr3_bot_oct_bfm
q_sys_tb.pcie_hard_ip_0_pcie_bfm_0,altera_pcie_bfm
q_sys_tb.ddr3_bot_mem_model,alt_mem_if_ddr3_mem_model_top_ddr3_mem_if_dm_pins_en_mem_if_dqsn_en
