<?xml version="1.0" encoding="UTF-8"?>
<preferences>
 <debug showDebugMenu="0" />
 <systemtable filter="Default">
  <columns>
   <connections preferredWidth="319" />
   <irq preferredWidth="34" />
  </columns>
 </systemtable>
 <clocktable>
  <columns>
   <clockname preferredWidth="330" />
   <clocksource preferredWidth="328" />
   <frequency preferredWidth="311" />
  </columns>
 </clocktable>
 <library expandedCategories="Library,Project" />
 <window width="1284" height="925" x="-5" y="25" />
 <generation testbench_system="STANDARD" testbench_simulation="VERILOG" />
</preferences>
